Expression,Result,Timestamp
sqrt(100),10,2026-08-02 18:57:48
sqrt(100),10,2026-08-02 18:57:48
3*8,24,2026-08-02 18:57:40
3*8,24,2026-08-02 18:57:40
2+2,4,2026-08-02 18:57:36
2+2,4,2026-08-02 18:57:36
5+5,10,2026-08-02 18:56:30
5+5,10,2026-08-02 18:56:30
555,555,2026-08-02 18:56:25
555,555,2026-08-02 18:56:25
5+5,10,2026-08-02 18:55:45
5+5,10,2026-08-02 18:55:45
5+5,10,2026-08-02 18:52:46
5+5,10,2026-08-02 18:52:46
5+5,10,2026-08-02 18:48:49
"log(100,10)",2,2026-08-02 18:48:09
factorial(15),1307674368000,2026-08-02 18:47:39
sqrt(144),12,2026-08-02 18:47:28
2+3,5,2026-08-02 18:47:17
